start	end	text
0	10000	Música
10000	12000	Meu nome é Shoron Led
12000	13000	Eu sou o Sebastião Relso
13000	15000	Estamos iniciando esse netcast aí
15000	16000	Como assim netcast?
16000	18000	Não, é podcast
19000	22000	É comum, né? As pessoas confundindo, podcast ou netcast?
22000	27000	A força do áudio, então nós estamos iniciando esse podcast com o som de Armin Van Billen
27000	28000	É?
28000	29000	Você vai pôr
29000	31000	Ah, agora vai ter que colocar, né?
31000	32000	Coloca no pendrive
32000	34000	Episódio 0
35000	36000	Foi bom
36000	39000	Vai ficar parecendo o Badalhoca, que fica um cara falando bobagem
39000	41000	O outro cara rindo, né?
41000	43000	Então vai, é, mas tipo assim
43000	45000	What's for his days?
45000	46000	O Tribu do Sei
46000	50000	Bom, o Tribu do Sei surgiu de uma ideia muito original, né?
50000	52000	Criação de um blog e...
52000	53000	Ou não
53000	57000	Música
57000	61000	Porque nós somos seguidores fiéis
61000	63000	Ou não, também
63000	65000	Dos Jovem Nerd, né?
65000	67000	Nem tanto, talvez
67000	74000	Então, observando o Jovem Nerd vendo a qualidade dos netcast, dos podcasts do Jovem Nerd
74000	82000	Nós sentimos a necessidade de um podcast que seria diretamente relacionado à área de informática em si
82000	85000	Isso não significa que vai ser de pouca qualidade
85000	87000	Ou não, né?
91000	93000	E toda a frase pode ter o ou não, né?
93000	95000	Ou não
95000	98000	Bom, tinha o PAPU Tech, né?
98000	102000	Só que o PAPU Tech foi descontinuado, sei lá o que eles estão fazendo
102000	105000	Fizeram friso no PAPU Tech, tá?
105000	106000	O Pijori parou?
106000	107000	Parou
107000	109000	Acho que deu par de upload
109000	111000	Uma bocadinha
111000	113000	Deu erro de seguimentação
113000	115000	Ah, pode ser
119000	124000	Bom, acho que deu para entender quem somos nós
124000	129000	Só para saber, o tribo do CI é de circuito integrado
129000	137000	Realmente, o CI é porque as pessoas pensam que o chip, quando a gente fala CI, que é um pouco mais técnico
137000	140000	As pessoas pensam que, tipo, o resto de CI
140000	144000	Então, CI, circuito integrado, ou chip mais falado
144000	148000	Para dizer que não é simplesmente sobre software, ou simplesmente só sobre hardware
148000	153000	Porque o CI, tendo ele como um microprocessador, ou o que seja
153000	157000	Ele pega, envolve tanto hardware quanto software
157000	162000	Então, acho que a gente quis transpor, através desse nome
162000	166000	Que a gente vai falar sobre a tecnologia da informação, de forma geral
166000	171000	Para mim, eu pensei que o tribo do CI era o caso da analogia com o tribo da saída
171000	173000	Ah, também
173000	175000	Não, claro
175000	180000	Uma coisa interessante sobre CI, só depois de muito velho mesmo
180000	184000	Assim que eu fui conseguir fazer a analogia de que o processador é o chip
187000	189000	Bom, mas vamos lá
189000	192000	Esse momento agora, segundo a pauta
192000	197000	De acordo com a pauta muito bem elaborada, que a gente fez usando Google Docs
197000	199000	Que a gente tem fodão aí
199000	203000	Ah, para ser leitura de meios, o tribo do CI ainda não tem meios
203000	206000	Porque nós vamos começar agora, né?
206000	208000	Ninguém está sabendo
208000	210000	Tipo assim, está meio que em segredo
210000	212000	Para a versão beta ainda
212000	214000	Claro
214000	218000	Da mesma forma que o CI meio estava na versão beta, desde muitos tempos
218000	221000	E agora, finalmente, saiu da versão beta, por oculto também
221000	226000	Assim, eu queria aproveitar, então, aproveitar essa parte de leitura do CI e fazer um comentário
226000	229000	Só falando sobre o meu nome
229000	231000	Porque meu nome é Led
231000	234000	Mas muita gente vai me chamar de Shadow Nerd
234000	236000	Mas, infelizmente, ainda não sou Nerd, tá?
236000	239000	Porque segundo o Jovem Nerd, só é Nerd
239000	241000	Quem leu todos os livros do Senhor dos Anéis
241000	243000	E ainda estou terminando o Hobbit
243000	244000	Eu ainda não sou Nerd
244000	247000	O Nerdson também, do sat do Nerdson.com
247000	250000	Ele não é Nerd porque ele não leu Hobbit ainda
250000	254000	Então, eu posso processá-lo por ele
254000	256000	Ele está se auto-intitulando Nerd
256000	258000	Mas ele não é Nerd porque ele não leu o Senhor dos Anéis
258000	260000	É porque é só o nome de uma fantasia, né?
260000	262000	O nome de uma fantasia
262000	264000	A razão social é de ser
264000	266000	A razão social deve ser outro nome
266000	268000	Outro nome lá, qualquer coisa
268000	271000	Acho que eu tinha um livro de hacker fordando, né?
271000	273000	Sim, sim
273000	275000	Queria dizer que você só é hacker
275000	277000	Depois que alguém te chamou de hacker, né?
277000	279000	E o vale o mesmo para o Nerd
279000	282000	Só é Nerd depois que alguém te chamou
282000	284000	Algum Nerd show de Nerd
284000	288000	Acho que dá um loop infinito aí
288000	290000	É o mesmo esquema do ovo e da galinha, né?
290000	293000	É, quem foi o primeiro Nerd, então?
293000	295000	Eu estou querendo ir para o Fizz
295000	297000	E no Fizz, o Linus Torvalds vai estar lá
297000	299000	E chegando lá, eu vou falar assim
299000	301000	Sei que para mim você é Nerd
301000	303000	Se ele repetir, eu vou ser Nerd
303000	305000	Pronto, está provado, acabou
305000	306000	Claro que tudo isso
306000	308000	A tradição é outra coisa, né?
308000	309000	É
309000	311000	Mas eu acho que o Nerd deve entender
311000	313000	Que é um português
313000	315000	O que é um português
315000	317000	O que é um português
317000	319000	O que é um português
319000	321000	O que é um português
321000	323000	O que é um português
323000	325000	O que é um português
325000	327000	É, português e inguês e nerd
327000	329000	Agora eu acho que os ouvintes, esses papotecas
329000	331000	Às vezes reclamavam que o papoteca
331000	333000	Estava mais papo do que tech
333000	335000	Acho que a galera que estiver
335000	337000	Ouvindo o tribo do C.I. agora
337000	339000	Também teria uma reclamação
339000	341000	Não, mas esse é o Beto, né?
341000	343000	Tem que dar um desconto
343000	345000	É porque tem muito tempo os e-mails
345000	347000	Esse tempo agora seria leitura de e-mails
347000	349000	E a gente está aí suprindo
349000	351000	A quantidade pela foto do mesmo
351000	353000	Falando em Nerdcast
353000	355000	Ele falou, né? Eu queria fazer um crossover
355000	357000	Aqui do post do Nerdson
357000	359000	Que ele falou que ele foi no interior e tal
359000	361000	Vai estar no link lá no post também
361000	363000	Que ele foi no interior, ele achou meio chato
363000	365000	Voltar lá, tipo assim, não era que nem ele estava com criança
365000	367000	E teve o Nerdcast dos histórias da faculdade
367000	369000	Os caras, tipo assim, eles
369000	371000	Eles deixaram a faculdade de desenho industrial
371000	373000	Porque eles foram para Nova York
373000	375000	Quando eles voltaram, tipo assim, nada era Nova York
375000	377000	Comigo aconteceu uma coisa parecida
377000	379000	Com legumes
379000	381000	Tem a ver, legumes?
381000	383000	Era assim, porque eu
383000	385000	Eu fui para Fazenda, né?
385000	387000	Quando era jovem
387000	389000	Menino mais novo
389000	391000	Aí, tipo assim, a gente ia para a roça
391000	393000	E comia melancia
393000	395000	E era massa pra caramba, né?
395000	397000	Aí quando eles chegavam em casa
397000	399000	Eu não queria comer melancia, né?
399000	401000	Porque eu não estava na roça
401000	403000	É tudo relacionado com comida com vocês?
403000	405000	É, não, porque
405000	407000	Sim, pô, era mó chato comer
407000	409000	Beleza
409000	411000	Vou para a segunda parte
411000	413000	Só finalizando, nesse mesmo link
413000	415000	Do Nerdson
415000	417000	É o link que ele fala, que ele foi ler
417000	419000	O Hobbit
419000	421000	E pelo visto, ele não concluiu a leitura do Hobbit
421000	423000	Cortando, ele não é o Nerd
423000	425000	Ele está mentindo, não acredito que tinha ele
425000	427000	Isso é uma calúnia
427000	429000	Isso é uma calúnia, vou processar
429000	431000	Veteu o processo
431000	433000	Vou processar e vai sair o que eu marquei o texto
433000	435000	Provavelmente
453000	455000	O tema desse episódio 1
455000	457000	É do tribo de C
457000	459000	E é sobre o fissol, que aconteceu aqui em Goiânia
459000	461000	Ah, é claro
461000	463000	Não deixou de falar, quem somos
463000	465000	Nós somos de Goiânia
465000	467000	Na cidade capital de Goiás
467000	469000	Que é por ventura no centro-oeste do Brasil
469000	471000	Que fica no hemisfério sul
471000	473000	Do planeta Terra
473000	475000	Conhecido como roça assaltada
475000	477000	E o fissol
477000	479000	Eu não sou de Goiânia, não
479000	481000	Eu sou natural e era Goiânia do Tocantinho
481000	483000	Ah, eu sou natural de São Paulo
483000	485000	Não é relevante, não
485000	487000	Pois é, então vamos deixar a naturalidade
487000	489000	Para lá e vamos seguir em diante
489000	491000	O fissol está para Goiânia
491000	493000	Assim como o fissol está para o Brasil
493000	495000	Eu pensei que era uma regla do Sul
495000	497000	Não, é para o Brasil
497000	499000	Porque o fissol é o maior evento do Brasil
499000	501000	O fissol acontece no Brasil mesmo?
501000	503000	Sim, por estar alegre
511000	513000	O fissol para quem não sabe
513000	515000	É o festival latino-americano
515000	517000	Espera, você não sabe que é o fissol
517000	519000	Não, a gente nem explicava
519000	521000	Explica aí, então explica aí
521000	523000	O fissol por danos
523000	525000	Sim, sim
525000	527000	Segundo o Iquipédia
527000	529000	Não, a gente...
529000	531000	Pode falar, né?
531000	533000	Segundo o site do fissol
533000	535000	Sim, fica mais bonito falar
535000	537000	O fissol é o festival latino-americano
537000	539000	De instalação de software livre
539000	541000	E é o maior evento de divulgação de software livre
541000	543000	Na América Latina
543000	545000	Porque ele acontece em toda América Latina
545000	547000	Sim, você sabe, né?
547000	549000	Sim, por isso é latino-americano
549000	551000	E aqui em Goiânia
551000	553000	Ele está sendo aí
553000	555000	De todos os eventos que acontecem em Goiânia
555000	557000	Ele é o maior evento
557000	559000	Que está tendo em questão de
559000	561000	Participantes
561000	563000	Esse ano deu mais de 2 mil pessoas
563000	565000	E teve caravanas
565000	567000	De vários cidades aí do interior
567000	569000	De Goiás
569000	571000	E foi muito interessante
571000	573000	Inclusive eu tenho um sentimento
573000	575000	Do fissol por causa que
575000	577000	Nos outros eventos
577000	579000	Dá a impressão de
579000	581000	É uma coisa muito certa
581000	583000	É uma coisa muito bonitinha
583000	585000	E o fissol é aquela bagunça
585000	587000	A gente para cá, a gente para lá
587000	589000	É aquela coisa, coisa e tal
589000	591000	A começar pela logo, né?
591000	593000	Sim
593000	595000	Pelo nome também
595000	597000	É festival
597000	599000	Então aparece uma festa
599000	601000	As minhas palestras foram recordes
601000	603000	Somente tem 40 pessoas
603000	605000	No fissol esse ano
605000	607000	Teve mais de 80 pessoas
607000	609000	Em cada palestra
609000	611000	Se não engana a palestra sobre
611000	613000	Sistemas operacionais
613000	615000	Deu mais de 100 pessoas
615000	617000	E 120%
617000	619000	Eu não contei
619000	621000	Essa era a média
621000	623000	Inclusive todas as palestras
623000	625000	Estavam dando mais de 100
625000	627000	Deu mais de 2 mil pessoas
627000	629000	Inscritas
629000	631000	Achei muito interessante
631000	633000	O fissol está crescendo demais
633000	635000	O ano passado deu 1 mil e pouco
635000	637000	Esse ano já deu 2 mil
637000	639000	Seguindo a lógica que vem 3 mil pessoas
639000	641000	Seguindo a lógica
641000	643000	É só para saber o que eu tive na organização
643000	645000	Eu fui para a estreia de lá
645000	647000	E esqueci de confirmar a minha chegada
647000	649000	Eu confirmei a minha
649000	651000	Porque eu conheci o pessoal
651000	653000	Eu estou fora das estatísticas
653000	655000	Eu falei estreia e não confirmei que eu cheguei lá
655000	657000	No meu caso foi diferente
657000	659000	As organizações passaram a 100
659000	661000	Para meu notebook
661000	663000	Eu fui lá no Juma
663000	665000	E eu mesmo coloquei minha palestra
665000	667000	Se auto confirmou a si mesmo
667000	669000	Se auto confirmou a mim mesmo
669000	671000	Então é isso aí pessoal
671000	673000	Qual foi o sistema das palestras
673000	675000	Mesmo que eu não entendi
675000	677000	A minha palestra
677000	679000	Foi a primeira às 9 horas
679000	681000	Foi sobre revolução dos sistemas operacionais
681000	683000	Primeiro foi às 9 horas
683000	685000	E a segunda foi às 11 horas
685000	687000	Na minha opinião
687000	689000	Eu acredito que
689000	691000	Muitas pessoas
691000	693000	Apesar de hoje a internet
693000	695000	Em todos os lugares
695000	697000	Apesar da tecnologia de informação
697000	699000	Ter atingido todos os níveis
699000	701000	De população
701000	703000	Eu acredito que muita gente ainda não conseguiu
703000	705000	Ter acesso
705000	707000	De forma um intelecto maior
707000	709000	Na questão do conhecimento
709000	711000	De
711000	713000	Quão grande é a tecnologia
713000	715000	De informação
715000	717000	Então você pode perceber que geralmente
717000	719000	As minhas palestras são
719000	721000	De nível introdutório
721000	723000	Visando-se e atrair mais pessoas
723000	725000	Para o mundo da informática
725000	727000	Acho que um dos objetivos do Flissal
727000	729000	É como se fosse uma inclusão digital
729000	731000	Mas
731000	733000	No âmbito do software livre
733000	735000	Então a maioria das palestras mesmo
735000	737000	São realmente para iniciantes
737000	739000	Até eles procuram até de
739000	741000	Selecionar palestras mesmas
741000	743000	De digital
743000	745000	O forgoiano de software livre
745000	747000	Já é para apresentar soluções tecnológicas
747000	749000	Livres para as empresas
749000	751000	Que buscam melhor
751000	753000	Curso de benefício
753000	755000	Maior qualidade, menor crescimento
755000	757000	É tipo a debutante
757000	759000	Aquela menina de 15 anos que o pessoal
759000	761000	Que é a festa de debutante
761000	763000	É para apresentar a menina à sociedade
763000	765000	Ah é?
765000	767000	Saberam?
767000	769000	Eu sabia, mas não sabia que era verdade
769000	771000	Ou a gente sabe da mesma fonte?
771000	773000	Não, não
773000	775000	Muitas coisas eu
775000	777000	Acho que
777000	779000	30% do meu conhecimento
779000	781000	Atingi por dedução
781000	783000	As pessoas chegam falando para mim e eu falei
783000	785000	Ah é?
785000	787000	Deduçou a abdução e
787000	789000	Comprou o jogo
791000	793000	Então, seguindo
793000	795000	A gente vai falar no meu palestre então
795000	797000	Então fala, fala sobre o seu palestre
797000	799000	O meu palestre deu mais de
799000	801000	3 ou 4 pessoas
801000	803000	Não, não estou brincando
803000	805000	Quase lotou a sala também
805000	807000	A minha foi
807000	809000	Sobre PHP, porque eu queria ser equiparível
809000	811000	What?
811000	813000	É porque
813000	815000	Eu não trabalho
815000	817000	Integralmente com PHP
817000	819000	Então o meu palestre foi relacionado ao PHP
819000	821000	Mas com uma experiência que eu tive
821000	823000	Com
823000	825000	Uma experiência de sucesso
825000	827000	Eu aprendi
827000	829000	Que eu tive que eu pego a PHP
829000	831000	E eu quis compartilhar com a comunidade
831000	833000	Muitas coisas que a gente aprende
833000	835000	A gente às vezes nunca vai usar
835000	837000	Eu aprendi C
837000	839000	Até hoje não cuzei
839000	841000	Pendeu quem? Eu?
841000	843000	Não, C
843000	845000	C po
845000	847000	Linguagem de procuração em C
847000	849000	Inclusive adoro programar em C
849000	851000	C ou não C
851000	853000	Sim
853000	855000	Não, mas
855000	857000	A linguagem de C
857000	859000	Eu já comecei a reparar
859000	861000	E a maioria dos nerds
861000	863000	Não que eu seja um
863000	865000	Adoro
865000	867000	Eu aspiro a nerd
867000	869000	Pode ser
869000	871000	O que eu ando reparando
871000	873000	É que
873000	875000	Eu acho que 100% dos nerds
875000	877000	É um dado empírico
877000	879000	Mas eu acredito que seja verdadeiro
879000	881000	E que 100% dos nerds
881000	883000	Adoro programar em C
883000	885000	Dos nerds não, mas dos geeks
885000	887000	Eu acho que 100% eu adoro programar em C
887000	889000	Pelo menos os que eu se considero
889000	891000	Se você não gosta de programar em C
891000	893000	Não converse comigo
893000	895000	Não te considero
895000	897000	Não venha falar comigo
897000	899000	Não deixe que saber
899000	901000	Se você quiser ser meu amigo
901000	903000	E você não programar em C
903000	905000	Mas não faz isso para mim
905000	907000	Se você quiser C
907000	909000	Não deixe para mim
909000	911000	Eu vou te curtir
911000	913000	É claro que eu vou tirar
913000	915000	Eu vou te curtir e colocar um
915000	917000	O barulho de vofora é virando
917000	919000	Eu entendi
919000	921000	Você vai ter tempo para fazer tudo isso?
921000	923000	Não sei, mas
923000	925000	É a ideia inicial
925000	927000	Ah, uma coisa interessante
927000	929000	Que eu fiz sabendo o Fissol
929000	931000	Qual?
931000	933000	É bom
933000	935000	Porque São Paulo
935000	937000	Tem goiânio como a roça asfaltada
937000	939000	Que bem notar isso aí
939000	941000	Ou não, nada
945000	947000	O que eu acho interessante é que
947000	949000	Eu acho que boa parte do sul do país
949000	951000	Tem goiânia e norte
951000	953000	Não, acho que goiânia é a roça asfaltada
953000	955000	Norte é mata fechada
955000	957000	Ainda
957000	959000	É de chão
959000	961000	Mas o que é interessante
961000	963000	É que vê uma caravana de São Paulo
963000	965000	Pro Fissol de Goiânia
965000	967000	Veja que gostei
967000	969000	Se fosse
969000	971000	Se fosse por Tocantins
971000	973000	Eles iriam fazer trilha
973000	975000	Ah, sim
975000	977000	Bom, então
977000	979000	Eu achei super interessante
979000	981000	Porque eu fiquei sabendo que o Fissol
981000	983000	Dá uma média de 300 pessoas
983000	985000	E o Fissol de Goiânia
985000	987000	Dá umas 2 mil pessoas
987000	989000	Como foi esse ano
989000	991000	Mais uma vez eu repito
991000	993000	Que o Fissol de Goiânia
993000	995000	Bom, esse dado é um dado empírico também
995000	997000	Ou não, né
997000	999000	Ou não, cabiu bem
1001000	1003000	Cabeu
1003000	1005000	O Fissol
1005000	1007000	Ele é latino-americano
1007000	1009000	E como
1009000	1011000	Se você pegar em questão de países
1011000	1013000	A maioria esmagadora dos países
1013000	1015000	Latino-americanos fala em espanhol
1015000	1017000	Que é uma língua latina também
1017000	1019000	Então
1019000	1021000	O site oficial do Fissol
1021000	1023000	É em espanhol, né
1023000	1025000	É obvio
1025000	1027000	Para mim era não
1027000	1029000	Não? Por que não?
1029000	1031000	Não sei, mas vai lá
1031000	1033000	Você pensou que o site oficial do Fissol
1033000	1035000	Seria fissolgo.org.br
1035000	1037000	Eu não sei
1037000	1039000	Na minha época o Fissol era
1039000	1041000	Estalfest
1041000	1043000	Quando era jovem
1043000	1045000	Eu acho uma coisa interessante
1045000	1047000	Falar também
1047000	1049000	Que esse lance do Fissol
1049000	1051000	É citado inclusive
1051000	1053000	No filme lá da Revolution
1053000	1055000	No O.S.
1055000	1057000	Que é uma cultura que foi criada nos
1057000	1059000	Eventos
1059000	1061000	Que como até hoje
1061000	1063000	A tecnologia da informação
1063000	1065000	Estranha as pessoas
1065000	1067000	Então
1069000	1071000	Então
1071000	1073000	Não deve ser muito comum para os animais
1075000	1077000	Então, não
1077000	1079000	O cachorro dele tem um ocult
1079000	1081000	É
1081000	1083000	Eu não tenho
1083000	1085000	Então, acho que esse tabuê
1085000	1087000	Tá acabando de ser quebrado
1087000	1089000	O ocult não vale como oferecer
1089000	1091000	Então, tá bom
1091000	1093000	Então, como tecnologia da informação
1093000	1095000	Não é muito comum
1095000	1097000	Hoje sim, que está começando
1097000	1099000	Se tornar comum na humanidade
1099000	1101000	Então surgiu ele
1101000	1103000	Já deixe bem comum
1103000	1105000	Nos extraterrestres
1105000	1107000	O que?
1107000	1109000	Nos extraterrestres
1111000	1113000	Depois é tipo
1113000	1115000	Programa de televisão
1115000	1117000	Que dá certo nos Estados Unidos
1117000	1119000	E traz o Brasil
1119000	1121000	Entendi
1121000	1123000	Então
1123000	1125000	E nos eventos da década
1125000	1127000	Passada
1127000	1129000	Era comum
1129000	1131000	As pessoas levassem os grandes computadores
1131000	1133000	No carrinho e etc
1133000	1135000	Isso é mostencendo disso
1135000	1137000	No filme do Revolution
1137000	1139000	Quem assistiu
1139000	1141000	Procure
1141000	1143000	É um filme altamente recomendado
1143000	1145000	E...
1145000	1147000	Se estiver no preguiço da nada, a gente vai colocar o link no post
1147000	1149000	Ah sim, a gente coloca
1149000	1151000	Tem no Vivao Linux
1151000	1153000	Vivao Linux
1153000	1155000	Vivao Linux
1155000	1157000	Vivao Linux
1157000	1159000	É só problema de fonético
1163000	1165000	Sabia que tem o Vivao Linux espanhol
1171000	1173000	Vivao Linux
1173000	1175000	Quer dizer...
1175000	1177000	Viva Linux
1177000	1179000	Eu não sei como é que fala Linux espanhol
1179000	1181000	Então tá bom
1181000	1183000	Então vamos falar aqui do FliSol
1183000	1185000	Então
1185000	1187000	O FliSol veio para dar continuidade
1187000	1189000	A essa cultura que foi criada nos eventos
1189000	1191000	Da área de TI
1191000	1193000	Em geral
1193000	1195000	Que era de instalação de software nos computadores
1195000	1197000	E no caso o FliSol Software Live
1197000	1199000	Que é o grande incentivo
1199000	1201000	Da época
1201000	1203000	Inclusive incentivado pelo governo do Brasil
1203000	1205000	E isso inclusive
1205000	1207000	Só uma deixa foi criticado
1207000	1209000	Riscidamente
1209000	1211000	Pelo balmer da Microsoft
1213000	1215000	É, é notório né
1215000	1217000	A galera tá assistindo o software livre
1217000	1219000	É...
1219000	1221000	Não, ele ficou muito puto
1221000	1223000	Quando ele veio aqui no Brasil
1223000	1225000	Porque ele veio aqui no Brasil
1225000	1227000	Falar sobre a nova versão do MSN
1227000	1229000	Do Mensejo
1229000	1231000	E quando ele chegou aqui no Brasil
1231000	1233000	Ficou caraca que tanto software livre
1233000	1235000	Ficou puto da vida
1239000	1241000	Eu não vi nada a respeito disso
1241000	1243000	Pois é
1243000	1245000	Uma parada interessante
1245000	1247000	Quando era jovem lá no interior
1247000	1249000	Sim
1249000	1251000	Eu trabalhava na Universidade Federal do Tocantins
1251000	1253000	Então
1253000	1255000	Na época saiu uma
1255000	1257000	Emenda
1257000	1259000	Saiu a parada do governo
1259000	1261000	Um emendo
1261000	1263000	Do governo
1263000	1265000	O e-mail
1265000	1267000	A galera do governo mandou um e-mail
1267000	1269000	Para os fadão
1269000	1271000	Deve ter mandado um e-mail
1271000	1273000	Com certeza
1273000	1275000	Não é uma carta
1275000	1277000	Uma coruja
1277000	1279000	Mandou o povo correr
1279000	1281000	É
1281000	1283000	Tipo assim pra...
1283000	1285000	Cara, eu não sei o nome do negócio
1285000	1287000	Mas era pra usar software livre
1287000	1289000	E...
1289000	1291000	Na época assim que eu tava trabalhando lá
1291000	1293000	Eu tive que ir pra tal
1293000	1295000	Lino, que nas máquinas que não tinham
1295000	1297000	Que não tinham Linux né
1297000	1299000	Que eu tivesse...
1299000	1301000	Entendi
1301000	1303000	Não precisava
1303000	1305000	Mas aí eu fiz treinamento com o pessoal
1305000	1307000	E tal
1307000	1309000	Exatamente pra ajudar
1309000	1311000	Nessa adesão
1311000	1313000	Então foi aí que você conheceu o Linux
1313000	1315000	Não, eu já conheci
1315000	1317000	Bom, eu já conheci o Linux há muito tempo
1317000	1319000	E eu comecei a enxergar
1319000	1321000	O software livre
1321000	1323000	Com outros olhos
1323000	1325000	Não, esse é uma figura de linguagem
1325000	1327000	Só explicando
1327000	1329000	Isso é uma figura de linguagem
1329000	1331000	Então comecei a enxergar
1331000	1333000	O software livre
1333000	1335000	Isso é uma figura de linguagem
1335000	1337000	Eu comecei a enxergar
1337000	1339000	O software livre
1345000	1347000	Eu comecei a enxergar
1347000	1349000	O software livre com outros olhos
1353000	1355000	A parte do Flissol
1355000	1357000	Eu fui com o Flissol
1357000	1359000	E achei super interessante
1359000	1361000	E comecei a entender mais o universo livre
1361000	1363000	E a partir desse momento
1363000	1365000	Foi assim...
1365000	1367000	Mudou totalmente a minha vida
1367000	1369000	Foi revelador? Sim, claro
1369000	1371000	Porque eu era o usuário do software livre
1371000	1373000	Mas não gostava muito assim
1373000	1375000	Não apoiava tanto
1375000	1377000	E foi praticamente
1377000	1379000	Basicamente da palestra do
1379000	1381000	Java Man, do Bruno Sousa
1381000	1383000	Que ele teve no Flissol do ano passado
1383000	1385000	E a partir disso aí
1385000	1387000	Foi que eu realmente sim
1387000	1389000	Fiquei bastante pelo software livre
1389000	1391000	E por isso que eu incentivo muito
1391000	1393000	E eu tenho um certo
1393000	1395000	Amor assim
1395000	1397000	Um certo sentimento a mais pelo Flissol
1397000	1399000	Por causa disso aí também
1399000	1401000	Acho que a gente podia colocar uma parada
1401000	1403000	Que não está na pauta aí
1403000	1405000	Como o software livre surgiu em você
1405000	1407000	Ah sim, é
1407000	1409000	Tu já falei a minha agora
1409000	1411000	Quer dizer
1411000	1413000	A minha não falei
1413000	1415000	A minha eu falei como eu comecei
1415000	1417000	Eu gostava
1417000	1419000	Não seria gostar
1419000	1421000	Mas seria...
1421000	1423000	Odear
1423000	1425000	Seria
1425000	1427000	Conhecer a incentivar as pessoas
1427000	1429000	A usar o software livre
1429000	1431000	Sem graçar pelo software livre
1431000	1433000	Sim, seria por mais ou menos dessa forma
1433000	1435000	Que gostava eu gostava
1435000	1437000	Desde quando eu comecei a usar o Linux
1437000	1439000	Eu comecei a gostar, isso foi um bom tempo atrás
1439000	1441000	Um bom tempo atrás, a gente tem 15 anos
1441000	1443000	Uns 3 anos
1443000	1445000	Galera avisando que você está de século passado
1445000	1447000	Pô, eu sou novo né
1447000	1449000	Eu não sou
1449000	1451000	É bom
1451000	1453000	Eu sou o background
1453000	1455000	Que meu pessoal do pop tech falou no episódio 1
1455000	1457000	Então vamos lá, você pode me modificar depois
1457000	1459000	Eu vou colocar o começo
1459000	1461000	É o poder da edição
1461000	1463000	É o poder
1463000	1465000	Ou não
1465000	1467000	Caraca
1467000	1469000	Então tá, eu
1469000	1471000	Estudei a vida inteira em um colégio público
1471000	1473000	Acho que é interessante eu falar da primeira vez
1473000	1475000	Que eu vi um computador
1475000	1477000	Ele foi no Google
1477000	1479000	Não
1479000	1481000	Então
1481000	1483000	Eu terminei meu ensino médio
1483000	1485000	Porém, a primeira vez que eu vi um computador
1485000	1487000	Foi
1487000	1489000	Em 97
1489000	1491000	Eu acho
1491000	1493000	Então, eu acho que foi 97
1493000	1495000	Mas foi um computador do meu primo
1495000	1497000	Ele estava com em 2,95
1497000	1499000	E eu achei isso muito interessante
1499000	1501000	E daí eu implorei pelo meu pai
1501000	1503000	Pagar um curso de informática pra mim
1503000	1505000	E a parte daí foi isso
1505000	1507000	Só que da verdade
1507000	1509000	Eu só fui ter o meu próprio computador
1509000	1511000	Em 2005, cara
1511000	1513000	Quando eu estava no segundo ano
1513000	1515000	E isso porque eu implorava todos os dias
1515000	1517000	E eu mostrei pra ele que eu era muito
1517000	1519000	Sim, não muito bom
1519000	1521000	Comparando com as pessoas
1521000	1523000	Com certeza
1523000	1525000	Então eu sabia dominar razoavelmente bem
1525000	1527000	Um computador
1527000	1529000	Então só tive um computador
1529000	1531000	Quando eu tinha 14 anos de idade
1531000	1533000	Sim
1533000	1535000	Eu não tinha acesso a
1535000	1537000	Eu vi um primeiro computador
1537000	1539000	Quando eu tinha 6 anos de idade
1539000	1541000	Tá bom
1541000	1543000	É justificável
1543000	1545000	Meu desconsolo
1545000	1547000	Por ter o meu primeiro computador com 14 anos de idade
1547000	1549000	Então significa que
1549000	1551000	Dos 6 aos 13
1551000	1553000	Eu mexi no computador dos outros
1553000	1555000	Quando é que tu teve teu primeiro playstate?
1555000	1557000	Nunca tive
1559000	1561000	Bom, um fato interessante
1561000	1563000	É de que eu também
1563000	1565000	Nunca tive internet na minha casa
1565000	1567000	Mas lá em casa, onde que eu moro
1567000	1569000	Ainda não tem internet
1569000	1571000	Porque o fato de ter internet depende de mim
1571000	1573000	E eu não vou pagar internet porque eu não fico em casa
1573000	1575000	Aí vai pensar que a gente
1575000	1577000	Tá na roça, nas botagas
1577000	1579000	Daí o cara não tem internet casa
1579000	1581000	Aí sim comprova porque
1581000	1583000	A gente não tá na roça saltada
1583000	1585000	Porque eu fico online
1585000	1587000	Por uma quantidade muito grande
1587000	1589000	De tempo, sem ter internet em casa
1589000	1591000	Ou seja, em vários lugares
1591000	1593000	Que eu frequento, eu tenho acesso a internet
1593000	1595000	Então isso comprova
1595000	1597000	Que Goenna deixou de ser já
1597000	1599000	Uma roça saltada porque eu vou
1599000	1601000	A biblioteca, eu tenho internet
1601000	1603000	Eu vou na
1603000	1605000	Universidade, tenho internet
1605000	1607000	Eu vou, sei lá, em vários lugares
1607000	1609000	Hoje na Praça Universitária, que em Goenna
1609000	1611000	Você tem internet lá
1611000	1613000	O que é nosso?
1613000	1615000	Teoricamente tem
1615000	1617000	Tem um projeto
1617000	1619000	Do prefeito
1619000	1621000	Eroíris, agora o prefeito é o Paulo Garcia
1621000	1623000	Então não sei se esse projeto ainda tá de pé
1623000	1625000	De colocar internet pra
1625000	1627000	Goenna inteira
1627000	1629000	Na internet wireless, né, Goenna inteira
1629000	1631000	O mesmo projeto do Wac
1631000	1633000	Ah, é, pois é
1633000	1635000	O Wac resiste?
1635000	1637000	Você acredita?
1637000	1639000	Então tá
1639000	1641000	Isso aí, eu falei sobre
1641000	1643000	E eu, essa é
1643000	1645000	Meu relacionamento com o computador
1645000	1647000	Vou depoir mesmo, Michel
1647000	1649000	Sim, e
1649000	1651000	Aí agora
1651000	1653000	Faltou a minha formação, né
1653000	1655000	Eu...
1655000	1657000	Boa parte do que eu sei sobre informática
1657000	1659000	Eu aprendi sozinho
1659000	1661000	Ao de data, veja o Ilam
1661000	1663000	Sim, eu não considero
1663000	1665000	Ao de data
1665000	1667000	Por que, sei lá, porque eu
1667000	1669000	Não sei nada, mas
1669000	1671000	Eu nem me considero, amigo
1671000	1673000	Eu te considero, eu não me considero
1673000	1675000	Porém
1675000	1677000	Então
1677000	1679000	Eu...
1679000	1681000	Tô formando, né, engenharia
1681000	1683000	Compação
1683000	1685000	Quem ano, a gente tá mesmo?
1685000	1687000	A gente tá em 2010
1687000	1689000	2010, barra um, tô terminando o quinto período
1689000	1691000	Com notas muito boas por sinal
1691000	1693000	Com louvor, né
1693000	1695000	Com louvor, com glória
1695000	1697000	Nessa hora você põe ensino a música de fundo
1697000	1699000	Tata, tata
1699000	1701000	Certo, né
1701000	1703000	Por gentileza
1703000	1705000	Beleza, pode, deixa comigo
1705000	1707000	Então, acho que é isso aí
1707000	1709000	Agora eu falo de você aí
1709000	1711000	Eu, sim
1711000	1713000	Meu... tudo começou comigo
1713000	1715000	No software livre, exatamente
1715000	1717000	Porque, desde pequenininho
1717000	1719000	Queria dizer pra camada, né
1719000	1721000	E, quando eu comecei a ser separada
1721000	1723000	Com os sistemas operacionais
1723000	1725000	Eu fiz, eu fiz um custo técnico de redes
1725000	1727000	Com ênfase
1727000	1729000	Quer dizer, eu fiz um custo técnico de informática
1729000	1731000	Com ênfase em rede de comparação
1731000	1733000	Não, eu falei, quando que foi
1733000	1735000	Primeira vez você viu um computador, pô
1735000	1737000	Eu não lembro não, cara
1737000	1739000	Pô, o que é isso?
1739000	1741000	Eu decidi no Google, alguma coisa
1741000	1743000	Eu falo ao vivo
1743000	1745000	Ao vivo no Google, era ao vivo do Mingo
1745000	1747000	Eu falo quando que você tocou
1747000	1749000	Manuziou, viu Windows fazer
1749000	1751000	Pabam
1751000	1753000	Eu ia começar com um DOS
1753000	1755000	Mas...
1755000	1757000	Decadente, né
1757000	1759000	É que eu fiz um custo
1759000	1761000	Porque eu tinha aula de música
1761000	1763000	E, tipo, do lado da aula de música
1763000	1765000	Eu tinha um...
1765000	1767000	Um quartinho lá que ele levava
1767000	1769000	A criança pra ensinar
1771000	1773000	Isso, sim, foi sugestivo
1773000	1775000	Mexeram o computador e tal
1775000	1777000	Mexeram o mouse dele
1777000	1779000	Entendi, nossa, caraca
1779000	1781000	É, porque aí ele tinha um...
1783000	1785000	Até eu lembro o nome dele, é...
1785000	1787000	Suedius
1787000	1789000	Eu tô falando, sim, sobre
1789000	1791000	Você falou a primeira vez que você viu um computador
1791000	1793000	Por causa que eu li isso no livro, né
1793000	1795000	Do Linux TurboX
1795000	1797000	Inclusive foi
1797000	1799000	Impressado pelo Sebastião Hélsson
1799000	1801000	É bem, né?
1801000	1803000	Eu acho que... Ele lembrava
1803000	1805000	Ele conta, ele relata
1805000	1807000	Que não lembrava de quase nada
1807000	1809000	Da data exata que ele...
1809000	1811000	Viu um primeiro computador
1811000	1813000	Que era o Vick20, né
1813000	1815000	Então é... Por isso que eu
1815000	1817000	Incentivei a gente a falar sobre isso aí também
1817000	1819000	Pode continuar
1819000	1821000	Nessa memória eu conheci o Vick Vaporut
1821000	1823000	Final 180, né
1823000	1825000	A minha mãe passava, né
1825000	1827000	No meu...
1827000	1829000	Entendi
1829000	1831000	Pois é, vou tanto lá pra mim, lá
1831000	1833000	Eu tive a aula de...
1833000	1835000	Windows 311
1835000	1837000	Caraca
1837000	1839000	Caraca, interessante
1839000	1841000	Foi punk, né?
1841000	1843000	Eu já mexi uma vez no Windows 3.1
1843000	1845000	Eu acho que eu já mexi em todos os...
1845000	1847000	Não, não todos, mas
1847000	1849000	Eu acho que
1849000	1851000	Empiricamente 90%
1851000	1853000	Dos sistemas das versões Windows
1853000	1855000	Eu acho que eu já mexi
1855000	1857000	Eu comecei... Na verdade
1857000	1859000	Eu comecei isso com o DOS 6.22
1859000	1861000	Depois de aprender os comandos lá, tal, pá
1861000	1863000	Aí que eu fui pro
1863000	1865000	Windows 311
1865000	1867000	Mas foi em meados de 97
1867000	1869000	Pô, então a gente aí
1869000	1871000	É quase gêmeos, né
1871000	1873000	De... de nascimento
1873000	1875000	Que sentido
1875000	1877000	Acho que
1877000	1879000	Não, a gente tem a quase mesmitade
1879000	1881000	De... de...
1881000	1883000	Primeiro contato, né
1883000	1885000	Primeiro contato
1885000	1887000	É, mas aí o negócio foi
1887000	1889000	Assim, aí em 2000
1889000	1891000	Fiz aqueles cursinhos básicos, né
1891000	1893000	Word, Excel, tal
1893000	1895000	Aí ter...
1895000	1897000	Uma dessas...
1897000	1899000	Aí eu conheci o...
1899000	1901000	Isso era 2000, mais ou menos
1901000	1903000	Aí depois eu fiz...
1903000	1905000	Eu fiz todos os cursos
1905000	1907000	E fiz estágio em todos eles, né
1907000	1909000	Que tinha lá na escolinha, né
1909000	1911000	É interessante, hein
1911000	1913000	Tinha bem uns quatro cursos
1913000	1915000	Caraca, eu só fiz cursos de...
1915000	1917000	Ditação e...
1917000	1919000	Windows Word, Excel
1919000	1921000	Fiz a digitação também, foi o mais...
1921000	1923000	Foi o mais massa que eu achei
1923000	1925000	Ah, ou de...
1925000	1927000	Ditação, mas foi o único que eu aprendi alguma coisa
1927000	1929000	Porque o que ensinou no Windows Word Excel
1929000	1931000	Eu já sabia
1931000	1933000	Foi maneira que a digitação
1933000	1935000	Foi...
1935000	1937000	Era fazer o curso de datilografia
1937000	1939000	Ou fazer o curso de digitação
1939000	1941000	Ah, é verdade
1941000	1943000	Tinha pessoas que acreditavam fielmente
1943000	1945000	Que era o pior besteiro do mundo
1945000	1947000	Se fazer um curso de digitação
1947000	1949000	O que...
1949000	1951000	Mandava mesmo era...
1951000	1953000	A máquina de escrever, né
1953000	1955000	Que escrevia mesmo, era a máquina de escrever
1955000	1957000	Ah, sim
1957000	1959000	É, porque...
1959000	1961000	Tinha a máquina de escrever eletrônico
1961000	1963000	Que você podia escrever e tal
1963000	1965000	Aquelas coisas
1965000	1967000	Ah, tá
1967000	1969000	Pois bem, continue
1969000	1971000	Olha, aí...
1971000	1973000	2003
1973000	1975000	Tinha o curso técnico lá, né
1975000	1977000	Meu primeiro computador ainda tava fazendo os cursinhos lá
1977000	1979000	Em 2002
1979000	1981000	Meu primeiro computador
1981000	1983000	Pent4
1983000	1985000	Teu ele até o...
1985000	1987000	Caraca, meu! Pent4 logo de cara, meu
1987000	1989000	Meu mãe que me deu, né
1989000	1991000	Caraca, pirei agora, hein
1991000	1993000	Não tinha hyper thread, né
1993000	1995000	Nossa, eu fiquei emocionado agora
1995000	1997000	Mentirou
2001000	2003000	Aí
2003000	2005000	Aí eu achava...
2005000	2007000	Assim, desde o...
2007000	2009000	Tá bom que eu não tava indo pro caminho muito bom, né
2009000	2011000	Mas...
2011000	2013000	Assim, eu sempre quis ser programador, né
2013000	2015000	Daí, eu achei...
2015000	2017000	O que me motivou a querer conhecer o Linux
2017000	2019000	Foi exatamente pelos simples fatos
2019000	2021000	De ser código AB
2021000	2023000	E eu ter a possibilidade de mexer no código
2023000	2025000	Você alguma vez já
2025000	2027000	Estudou o código de um sistema
2027000	2029000	Impressional em si?
2029000	2031000	Minix, minix
2031000	2033000	Você só leu ou você entende
2033000	2035000	Que lugar?
2035000	2037000	Os if, tava entendo
2037000	2039000	Que é realmente que lá
2039000	2041000	Não é de Deus, acho que
2041000	2043000	Você tem que ler todo o design implementation
2043000	2045000	Lá do tanninbal pra
2045000	2047000	Entender pelo menos 10% daquele código
2047000	2049000	Eu tenho ele em português
2049000	2051000	Em seu caso?
2051000	2053000	Posso trazer aqui mais
2053000	2055000	Então tá
2055000	2057000	É porque...
2057000	2059000	Pensei que tu ia me convidar
2059000	2061000	Pra me levar lá em casa
2061000	2063000	Não, eu ia deixar pra quando terminar
2063000	2065000	Se o cache...
2065000	2067000	Que exposto
2067000	2069000	Tá com o prometer aí, né
2069000	2071000	Não, vai lá, continua
2071000	2073000	Não, inclusive eu tenho
2073000	2075000	Aí...
2075000	2077000	Ele...
2077000	2079000	A versão 2 do Minix
2079000	2081000	Que é a segunda edição do livro, né
2081000	2083000	O livro sai a cada edição
2083000	2085000	Do Minix
2085000	2087000	E assim, era basicamente
2087000	2089000	Eu nunca contribuiu com o Cânio
2089000	2091000	Nunca
2091000	2093000	Ainda bem
2095000	2097000	Se não eu sei o que ia querer
2097000	2099000	Traduzir o Cânio
2099000	2101000	Traduzir todos os variáveis do Cânio
2101000	2103000	É, eu sou o cara...
2103000	2105000	Sou o cara root
2105000	2107000	No português
2111000	2113000	Ia ter lá
2113000	2115000	A locar espaço de memória
2115000	2117000	De, sei lá...
2117000	2119000	Ter RedBlock com Fávio
2119000	2121000	Ter um lá que tá em português
2121000	2123000	Quer ver a função em C?
2123000	2125000	Não, nunca estudei o código
2125000	2127000	O nome da função é Malock
2131000	2133000	Malock já...
2133000	2135000	Sei lá o que, né
2135000	2137000	Entendi
2137000	2139000	Então eu vou colocar o próximo
2139000	2143000	Você não falou com a sua formação, pô
2143000	2145000	Eu falei, pô, eu fiz os cursinhos lá
2145000	2147000	Tal
2147000	2149000	Eu fiz basicamente
2149000	2151000	Tem curso técnico e informática
2151000	2153000	Com êfase em rede comitação
2153000	2155000	E com uma êfase
2155000	2157000	Né?
2157000	2159000	Apesar de eu sempre querer programar
2159000	2161000	De ser programador
2161000	2163000	Fiz o da rede
2163000	2165000	É só o que tinha, né
2165000	2167000	É, isso aí é a mesma coisa de você
2167000	2169000	Estudar
2169000	2171000	Heavy Metal e montar uma banda de punk rock
2171000	2173000	Né?
2173000	2175000	E sei o que você fez
2175000	2177000	Quem entende de música
2177000	2179000	Eu creio que vai entender
2179000	2181000	Essa comparação que eu fiz
2181000	2183000	Eu não entendi não
2183000	2185000	Não, mas, então
2185000	2187000	É...
2187000	2189000	Eu tenho curso técnico de rede
2189000	2191000	Comunicarção
2191000	2193000	E formei ciência da computação
2193000	2195000	O curso técnico de rede
2195000	2197000	É de 2004
2197000	2199000	E da computação em 2008
2199000	2201000	E a pós-guardação é
2201000	2203000	X
2203000	2205000	X
2205000	2207000	Undefined
2207000	2209000	Então
2209000	2211000	Eu tenho aí
2211000	2213000	Curso mesmo de informática
2213000	2215000	Eu só fiz isso, o resto eu aprendi
2215000	2217000	Mesmo sozinho e
2217000	2219000	Alguns outros cursos eu estudei um tempo
2219000	2221000	No música, no VGV
2221000	2223000	Acho que
2223000	2225000	Muitas pessoas me conhecem por esse fato
2225000	2227000	Muitas pessoas não sabem
2227000	2229000	O Sodara da computação
2229000	2231000	Me vem como violonista
2231000	2233000	Violonista toca violão
2233000	2235000	Ou que toca?
2235000	2237000	Violinista
2237000	2239000	Que toca violino
2239000	2241000	Vulgarmente é conhecido como
2241000	2243000	Tocador de violão, mas...
2243000	2245000	Violonista
2245000	2247000	Violonista é o modo certo de falar
2247000	2249000	Violonista ou violonista?
2249000	2251000	Violonista, né?
2251000	2253000	Quer dizer, nem pro braço
2253000	2255000	Não, você não vai entrar no cash
2255000	2257000	Então, é isso aí
2257000	2259000	Não um dos vídeos do poder
2259000	2261000	Do Socha, prazer de Bill Gates
2261000	2263000	Então tá, estamos encerrando hoje
2263000	2265000	Eu gostaria
2265000	2267000	Intimamente, assim, do fundo do meu coração
2267000	2269000	Que
2269000	2271000	De agradecer quem escutou
2271000	2273000	Esse podcast
2273000	2275000	E eu acho que...
2275000	2277000	É
2277000	2279000	Assim, você tem
2279000	2281000	Agora esse é um mensagem
2281000	2283000	Para os ouvintes
2283000	2285000	Há uma mensagem?
2285000	2287000	Para os queridos irmãos
2287000	2289000	Não, pois...
2289000	2291000	É, tipo assim, você tem
2291000	2293000	Dica de pauta, algum comentário
2293000	2295000	Então tá
2295000	2297000	Como eu falei
2297000	2299000	E a gente vai ter os links
2299000	2301000	Tudo aí falando sobre nós
2301000	2303000	Sob as nossas palestras do Fli-sol
2303000	2305000	Como o tema foi o Fli-sol
2305000	2307000	Tem sobre o...
2307000	2309000	O tema do episódio foi o Fli-sol
2309000	2311000	Não foi, não?
2311000	2313000	Então, o tema
2313000	2315000	Do episódio foi o Fli-sol
2315000	2317000	E...
2317000	2319000	Mas...
2319000	2321000	Como isso foi o tema
2321000	2323000	Estamos indexando os links
2323000	2325000	Para poder baixar os filmes
2325000	2327000	Relacionados
2327000	2329000	A minha palestra, no caso
2329000	2331000	Revolução ES
2331000	2333000	De CodeLinux
2333000	2335000	E tem aí
2335000	2337000	Os links para os meus slides
2337000	2339000	Temos...
2339000	2341000	Vou tentar colocar os livros
2341000	2343000	Na embal, também
2343000	2345000	Não o PDF, lógico
2345000	2347000	Não vou colocar o meu nome
2347000	2349000	A gente vai colocar o link de algum
2349000	2351000	A gente vai colocar o nome
2351000	2353000	Você pesquisa no Google
2353000	2355000	Ou não
2355000	2357000	Então é isso aí
2357000	2359000	A minha dica é os livros
2359000	2361000	E o filme
2361000	2363000	E eu acredito que no próximo episódio
2363000	2365000	Nós vamos falar sobre
2365000	2367000	Flash e HTML5
2367000	2369000	Não promete
2371000	2373000	Não, eu quero falar
2373000	2375000	Eu vou estudar sobre isso e vou falar
2375000	2377000	Então beleza, mande seus emails
2377000	2379000	Abala
2379000	2381000	A ideia é a maneira que eu tive
2381000	2383000	Não foi agora, mas eu vou falar como sou você agora
2383000	2385000	Da repente
2385000	2387000	A gente vai ter um
2387000	2389000	Usuário
2389000	2391000	Você adiciona lá no seu Google Talk
2391000	2393000	Daí você pode mandar
2393000	2395000	Um mensagem de voz para a gente colar
2395000	2397000	E todos os emails
2397000	2399000	Liga
2399000	2401000	E ele vai falar que a pessoa não está
2401000	2403000	Ele pode estar
2403000	2405000	Vai ter que desconectar
2407000	2409000	Tá bom
2409000	2411000	Aquele esquema de
2411000	2413000	Mandar o recado
2413000	2415000	E pode mandar
2415000	2417000	O esquema dele
2417000	2419000	Assiste o Nerdcast
2419000	2421000	Os primeiros episódios lá
2421000	2423000	Você vai saber como funciona
2423000	2425000	Não sei o que a gente vai fazer
2425000	2427000	Prometo
2427000	2429000	Eu não prometi
2429000	2431000	Então beleza
2431000	2433000	O nome do usuário vai ser
2433000	2435000	www.tribudosciarroba.gmail.com
2437000	2439000	A gente vai
2439000	2441000	Usar bastante
2441000	2443000	As ferramentas do Gmail
2443000	2445000	Não como propaganda
2445000	2447000	Que é bom
2447000	2449000	A gente vai usar porque é bom
2449000	2451000	Não que a gente esteja fazendo propaganda
2451000	2453000	Usando o uso do Gmail
2453000	2455000	Usa
2455000	2457000	Até a próxima
2457000	2459000	Muito obrigado mais uma vez
2459000	2461000	Para ter escutado o nosso podcast
2461000	2463000	Que ainda não tem um nome específico
2463000	2465000	Mas a gente vai bolar um nome
2465000	2467000	Para não falar simplesmente podcast
2467000	2469000	Não vai ser www.tribudosciarroba.gmail.com
2469000	2471000	Ah sei lá
2471000	2473000	Eu pensei em alguma coisa
2473000	2475000	Cache
2475000	2477000	A gente pode colocar um formulário do Google
2477000	2479000	Então mande seus emails
2479000	2481000	Ou não
2481000	2483000	Ou não
2483000	2485000	Valeu esse aí pessoal
2485000	2487000	Obrigado
2487000	2489000	Tchau
2489000	2491000	E eu falar ou não
2491000	2493000	Não
2509000	2511000	Muito
2511000	2513000	디a
2513000	2515000	Um
2515000	2517000	Um
2517000	2519000	Um
2519000	2521000	Um
2521000	2523000	Um
2523000	2525000	Um
2525000	2527000	Um
2527000	2529000	Um
2529000	2531000	Um
2531000	2533000	Um
2533000	2535000	Um
2535000	2537000	Um
2537000	2545000	Um
2545000	2553000	Um
2553000	2557000	Um
2557000	2563000	Um
2563000	2568000	Um
2568000	2573000	Um
2573000	2578000	Um
2578000	2583000	Um
2583000	2588000	Um
2588000	2593000	Um
2593000	2598000	Um
